[{"model": "admin.logentry", "pk": 1, "fields": {"action_time": "2022-02-06T11:29:50.771Z", "user": 1, "content_type": 7, "object_id": "1", "object_repr": "Product object (1)", "action_flag": 1, "change_message": "[{\"added\": {}}]"}}, {"model": "admin.logentry", "pk": 2, "fields": {"action_time": "2022-02-06T21:30:10.741Z", "user": 1, "content_type": 7, "object_id": "1", "object_repr": "Airpods Wireless Bluetooth Headphones", "action_flag": 2, "change_message": "[{\"changed\": {\"fields\": [\"Image\"]}}]"}}, {"model": "admin.logentry", "pk": 3, "fields": {"action_time": "2022-02-06T21:43:53.342Z", "user": 1, "content_type": 7, "object_id": "1", "object_repr": "Airpods Wireless Bluetooth Headphones", "action_flag": 2, "change_message": "[{\"changed\": {\"fields\": [\"Image\"]}}]"}}, {"model": "admin.logentry", "pk": 4, "fields": {"action_time": "2022-02-06T21:44:42.370Z", "user": 1, "content_type": 7, "object_id": "1", "object_repr": "Airpods Wireless Bluetooth Headphones", "action_flag": 2, "change_message": "[{\"changed\": {\"fields\": [\"Image\"]}}]"}}, {"model": "admin.logentry", "pk": 5, "fields": {"action_time": "2022-02-06T22:19:47.914Z", "user": 1, "content_type": 7, "object_id": "1", "object_repr": "Airpods Wireless Bluetooth Headphones", "action_flag": 2, "change_message": "[{\"changed\": {\"fields\": [\"Price\"]}}]"}}, {"model": "admin.logentry", "pk": 6, "fields": {"action_time": "2022-02-08T01:30:40.147Z", "user": 1, "content_type": 7, "object_id": "1", "object_repr": "Airpods Wireless Bluetooth Headphones", "action_flag": 2, "change_message": "[{\"changed\": {\"fields\": [\"Price\"]}}]"}}, {"model": "admin.logentry", "pk": 7, "fields": {"action_time": "2022-02-08T01:32:48.014Z", "user": 1, "content_type": 7, "object_id": "2", "object_repr": "iPhone 11 Pro 256GB Memory", "action_flag": 1, "change_message": "[{\"added\": {}}]"}}, {"model": "admin.logentry", "pk": 8, "fields": {"action_time": "2022-02-08T01:33:41.342Z", "user": 1, "content_type": 7, "object_id": "1", "object_repr": "Airpods Wireless Bluetooth Headphones", "action_flag": 2, "change_message": "[{\"changed\": {\"fields\": [\"Category\", \"Description\", \"Rating\", \"NumReviews\", \"Price\"]}}]"}}, {"model": "admin.logentry", "pk": 9, "fields": {"action_time": "2022-02-10T23:49:16.993Z", "user": 1, "content_type": 7, "object_id": "2", "object_repr": "iPhone 11 Pro 256GB Memory", "action_flag": 2, "change_message": "[{\"changed\": {\"fields\": [\"CountInStock\"]}}]"}}, {"model": "admin.logentry", "pk": 10, "fields": {"action_time": "2022-02-10T23:52:15.127Z", "user": 1, "content_type": 7, "object_id": "3", "object_repr": "Cannon EOS 80D DSLR Camera", "action_flag": 1, "change_message": "[{\"added\": {}}]"}}, {"model": "admin.logentry", "pk": 11, "fields": {"action_time": "2022-02-12T20:33:17.293Z", "user": 1, "content_type": 4, "object_id": "2", "object_repr": "wassouTa", "action_flag": 1, "change_message": "[{\"added\": {}}]"}}, {"model": "admin.logentry", "pk": 12, "fields": {"action_time": "2022-02-12T20:34:41.849Z", "user": 1, "content_type": 4, "object_id": "1", "object_repr": "wissal", "action_flag": 2, "change_message": "[{\"changed\": {\"fields\": [\"password\"]}}]"}}, {"model": "admin.logentry", "pk": 13, "fields": {"action_time": "2022-02-12T22:28:50.113Z", "user": 1, "content_type": 4, "object_id": "2", "object_repr": "wassouTa", "action_flag": 2, "change_message": "[{\"changed\": {\"fields\": [\"First name\", \"Last name\", \"Email address\"]}}]"}}, {"model": "admin.logentry", "pk": 14, "fields": {"action_time": "2022-02-13T00:38:09.908Z", "user": 1, "content_type": 4, "object_id": "3", "object_repr": "oumarkh@gmail.com", "action_flag": 2, "change_message": "[]"}}, {"model": "admin.logentry", "pk": 15, "fields": {"action_time": "2022-02-13T00:42:21.672Z", "user": 1, "content_type": 4, "object_id": "4", "object_repr": "oumarkh@gmail.com12", "action_flag": 2, "change_message": "[{\"changed\": {\"fields\": [\"Email address\"]}}]"}}, {"model": "admin.logentry", "pk": 16, "fields": {"action_time": "2022-02-13T00:42:29.766Z", "user": 1, "content_type": 4, "object_id": "2", "object_repr": "twissal550@gmail.com", "action_flag": 2, "change_message": "[]"}}, {"model": "admin.logentry", "pk": 17, "fields": {"action_time": "2022-02-13T03:12:06.329Z", "user": 1, "content_type": 4, "object_id": "1", "object_repr": "talbiwissal@gmail.com", "action_flag": 2, "change_message": "[]"}}, {"model": "admin.logentry", "pk": 18, "fields": {"action_time": "2022-02-13T12:43:59.029Z", "user": 1, "content_type": 4, "object_id": "1", "object_repr": "talbiwissal@gmail.com", "action_flag": 2, "change_message": "[{\"changed\": {\"fields\": [\"Username\"]}}]"}}, {"model": "admin.logentry", "pk": 19, "fields": {"action_time": "2022-02-13T12:44:15.507Z", "user": 1, "content_type": 4, "object_id": "1", "object_repr": "talbiwissal@gmail.com", "action_flag": 2, "change_message": "[{\"changed\": {\"fields\": [\"First name\", \"Last name\"]}}]"}}, {"model": "admin.logentry", "pk": 20, "fields": {"action_time": "2022-02-13T12:49:08.204Z", "user": 1, "content_type": 4, "object_id": "2", "object_repr": "twissal550@gmail.com", "action_flag": 2, "change_message": "[{\"changed\": {\"fields\": [\"Staff status\"]}}]"}}, {"model": "admin.logentry", "pk": 21, "fields": {"action_time": "2022-02-13T14:05:22.825Z", "user": 1, "content_type": 4, "object_id": "1", "object_repr": "talbiwissal@gmail.com", "action_flag": 2, "change_message": "[]"}}, {"model": "admin.logentry", "pk": 22, "fields": {"action_time": "2022-02-15T16:12:24.503Z", "user": 1, "content_type": 7, "object_id": "3", "object_repr": "Cannon EOS 80D DSLR Camera", "action_flag": 2, "change_message": "[{\"changed\": {\"fields\": [\"CountInStock\"]}}]"}}, {"model": "admin.logentry", "pk": 23, "fields": {"action_time": "2022-02-15T16:12:33.496Z", "user": 1, "content_type": 7, "object_id": "1", "object_repr": "Airpods Wireless Bluetooth Headphones", "action_flag": 2, "change_message": "[{\"changed\": {\"fields\": [\"CountInStock\"]}}]"}}, {"model": "admin.logentry", "pk": 24, "fields": {"action_time": "2022-02-15T16:12:43.693Z", "user": 1, "content_type": 7, "object_id": "2", "object_repr": "iPhone 11 Pro 256GB Memory", "action_flag": 2, "change_message": "[{\"changed\": {\"fields\": [\"CountInStock\"]}}]"}}, {"model": "admin.logentry", "pk": 25, "fields": {"action_time": "2022-02-15T17:57:23.838Z", "user": 1, "content_type": 9, "object_id": "19", "object_repr": "2022-02-15 17:44:59.857217+00:00", "action_flag": 2, "change_message": "[{\"changed\": {\"fields\": [\"IsPaid\", \"PaidAt\"]}}]"}}, {"model": "admin.logentry", "pk": 26, "fields": {"action_time": "2022-02-15T17:59:10.805Z", "user": 1, "content_type": 9, "object_id": "19", "object_repr": "2022-02-15 17:44:59.857217+00:00", "action_flag": 2, "change_message": "[{\"changed\": {\"fields\": [\"IsDelivered\", \"DeliveredAt\"]}}]"}}, {"model": "admin.logentry", "pk": 27, "fields": {"action_time": "2022-02-16T14:40:57.024Z", "user": 1, "content_type": 9, "object_id": "25", "object_repr": "2022-02-16 14:35:49.017148+00:00", "action_flag": 2, "change_message": "[{\"changed\": {\"fields\": [\"IsPaid\", \"PaidAt\", \"IsDelivered\", \"DeliveredAt\"]}}]"}}, {"model": "admin.logentry", "pk": 28, "fields": {"action_time": "2022-02-16T17:25:54.444Z", "user": 1, "content_type": 4, "object_id": "6", "object_repr": "hela@gmail.com", "action_flag": 3, "change_message": ""}}, {"model": "admin.logentry", "pk": 29, "fields": {"action_time": "2022-02-16T17:25:54.478Z", "user": 1, "content_type": 4, "object_id": "3", "object_repr": "oumarkh@gmail.com", "action_flag": 3, "change_message": ""}}, {"model": "admin.logentry", "pk": 30, "fields": {"action_time": "2022-02-16T17:25:54.513Z", "user": 1, "content_type": 4, "object_id": "4", "object_repr": "oumarkh@gmail.com12", "action_flag": 3, "change_message": ""}}, {"model": "admin.logentry", "pk": 31, "fields": {"action_time": "2022-02-16T17:25:54.548Z", "user": 1, "content_type": 4, "object_id": "5", "object_repr": "oumarkh@gmail.com5", "action_flag": 3, "change_message": ""}}, {"model": "admin.logentry", "pk": 32, "fields": {"action_time": "2022-02-16T17:26:39.901Z", "user": 1, "content_type": 4, "object_id": "7", "object_repr": "oumarkh", "action_flag": 1, "change_message": "[{\"added\": {}}]"}}, {"model": "admin.logentry", "pk": 33, "fields": {"action_time": "2022-02-16T17:28:05.071Z", "user": 1, "content_type": 4, "object_id": "7", "object_repr": "oumarkh@gmail.com", "action_flag": 2, "change_message": "[{\"changed\": {\"fields\": [\"First name\", \"Email address\", \"Staff status\"]}}]"}}, {"model": "admin.logentry", "pk": 34, "fields": {"action_time": "2022-02-16T17:28:57.080Z", "user": 1, "content_type": 4, "object_id": "7", "object_repr": "oumarkh@gmail.com", "action_flag": 2, "change_message": "[{\"changed\": {\"fields\": [\"Staff status\"]}}]"}}, {"model": "admin.logentry", "pk": 35, "fields": {"action_time": "2022-02-16T20:12:53.747Z", "user": 1, "content_type": 4, "object_id": "8", "object_repr": "sourour", "action_flag": 1, "change_message": "[{\"added\": {}}]"}}, {"model": "admin.logentry", "pk": 36, "fields": {"action_time": "2022-02-16T20:13:22.597Z", "user": 1, "content_type": 4, "object_id": "8", "object_repr": "sourour@gmail.com", "action_flag": 2, "change_message": "[{\"changed\": {\"fields\": [\"First name\", \"Email address\"]}}]"}}, {"model": "admin.logentry", "pk": 37, "fields": {"action_time": "2022-02-17T01:39:34.950Z", "user": 1, "content_type": 7, "object_id": "4", "object_repr": "lool", "action_flag": 1, "change_message": "[{\"added\": {}}]"}}, {"model": "admin.logentry", "pk": 38, "fields": {"action_time": "2022-02-19T09:52:59.716Z", "user": 1, "content_type": 7, "object_id": "4", "object_repr": "lool", "action_flag": 3, "change_message": ""}}, {"model": "admin.logentry", "pk": 39, "fields": {"action_time": "2022-02-19T09:53:12.133Z", "user": 1, "content_type": 7, "object_id": "3", "object_repr": "Cannon EOS 80D DSLR Camera", "action_flag": 2, "change_message": "[{\"changed\": {\"fields\": [\"Rating\"]}}]"}}, {"model": "auth.permission", "pk": 1, "fields": {"name": "Can add log entry", "content_type": 1, "codename": "add_logentry"}}, {"model": "auth.permission", "pk": 2, "fields": {"name": "Can change log entry", "content_type": 1, "codename": "change_logentry"}}, {"model": "auth.permission", "pk": 3, "fields": {"name": "Can delete log entry", "content_type": 1, "codename": "delete_logentry"}}, {"model": "auth.permission", "pk": 4, "fields": {"name": "Can view log entry", "content_type": 1, "codename": "view_logentry"}}, {"model": "auth.permission", "pk": 5, "fields": {"name": "Can add permission", "content_type": 2, "codename": "add_permission"}}, {"model": "auth.permission", "pk": 6, "fields": {"name": "Can change permission", "content_type": 2, "codename": "change_permission"}}, {"model": "auth.permission", "pk": 7, "fields": {"name": "Can delete permission", "content_type": 2, "codename": "delete_permission"}}, {"model": "auth.permission", "pk": 8, "fields": {"name": "Can view permission", "content_type": 2, "codename": "view_permission"}}, {"model": "auth.permission", "pk": 9, "fields": {"name": "Can add group", "content_type": 3, "codename": "add_group"}}, {"model": "auth.permission", "pk": 10, "fields": {"name": "Can change group", "content_type": 3, "codename": "change_group"}}, {"model": "auth.permission", "pk": 11, "fields": {"name": "Can delete group", "content_type": 3, "codename": "delete_group"}}, {"model": "auth.permission", "pk": 12, "fields": {"name": "Can view group", "content_type": 3, "codename": "view_group"}}, {"model": "auth.permission", "pk": 13, "fields": {"name": "Can add user", "content_type": 4, "codename": "add_user"}}, {"model": "auth.permission", "pk": 14, "fields": {"name": "Can change user", "content_type": 4, "codename": "change_user"}}, {"model": "auth.permission", "pk": 15, "fields": {"name": "Can delete user", "content_type": 4, "codename": "delete_user"}}, {"model": "auth.permission", "pk": 16, "fields": {"name": "Can view user", "content_type": 4, "codename": "view_user"}}, {"model": "auth.permission", "pk": 17, "fields": {"name": "Can add content type", "content_type": 5, "codename": "add_contenttype"}}, {"model": "auth.permission", "pk": 18, "fields": {"name": "Can change content type", "content_type": 5, "codename": "change_contenttype"}}, {"model": "auth.permission", "pk": 19, "fields": {"name": "Can delete content type", "content_type": 5, "codename": "delete_contenttype"}}, {"model": "auth.permission", "pk": 20, "fields": {"name": "Can view content type", "content_type": 5, "codename": "view_contenttype"}}, {"model": "auth.permission", "pk": 21, "fields": {"name": "Can add session", "content_type": 6, "codename": "add_session"}}, {"model": "auth.permission", "pk": 22, "fields": {"name": "Can change session", "content_type": 6, "codename": "change_session"}}, {"model": "auth.permission", "pk": 23, "fields": {"name": "Can delete session", "content_type": 6, "codename": "delete_session"}}, {"model": "auth.permission", "pk": 24, "fields": {"name": "Can view session", "content_type": 6, "codename": "view_session"}}, {"model": "auth.permission", "pk": 25, "fields": {"name": "Can add product", "content_type": 7, "codename": "add_product"}}, {"model": "auth.permission", "pk": 26, "fields": {"name": "Can change product", "content_type": 7, "codename": "change_product"}}, {"model": "auth.permission", "pk": 27, "fields": {"name": "Can delete product", "content_type": 7, "codename": "delete_product"}}, {"model": "auth.permission", "pk": 28, "fields": {"name": "Can view product", "content_type": 7, "codename": "view_product"}}, {"model": "auth.permission", "pk": 29, "fields": {"name": "Can add shipping address", "content_type": 8, "codename": "add_shippingaddress"}}, {"model": "auth.permission", "pk": 30, "fields": {"name": "Can change shipping address", "content_type": 8, "codename": "change_shippingaddress"}}, {"model": "auth.permission", "pk": 31, "fields": {"name": "Can delete shipping address", "content_type": 8, "codename": "delete_shippingaddress"}}, {"model": "auth.permission", "pk": 32, "fields": {"name": "Can view shipping address", "content_type": 8, "codename": "view_shippingaddress"}}, {"model": "auth.permission", "pk": 33, "fields": {"name": "Can add order", "content_type": 9, "codename": "add_order"}}, {"model": "auth.permission", "pk": 34, "fields": {"name": "Can change order", "content_type": 9, "codename": "change_order"}}, {"model": "auth.permission", "pk": 35, "fields": {"name": "Can delete order", "content_type": 9, "codename": "delete_order"}}, {"model": "auth.permission", "pk": 36, "fields": {"name": "Can view order", "content_type": 9, "codename": "view_order"}}, {"model": "auth.permission", "pk": 37, "fields": {"name": "Can add review", "content_type": 10, "codename": "add_review"}}, {"model": "auth.permission", "pk": 38, "fields": {"name": "Can change review", "content_type": 10, "codename": "change_review"}}, {"model": "auth.permission", "pk": 39, "fields": {"name": "Can delete review", "content_type": 10, "codename": "delete_review"}}, {"model": "auth.permission", "pk": 40, "fields": {"name": "Can view review", "content_type": 10, "codename": "view_review"}}, {"model": "auth.permission", "pk": 41, "fields": {"name": "Can add order item", "content_type": 11, "codename": "add_orderitem"}}, {"model": "auth.permission", "pk": 42, "fields": {"name": "Can change order item", "content_type": 11, "codename": "change_orderitem"}}, {"model": "auth.permission", "pk": 43, "fields": {"name": "Can delete order item", "content_type": 11, "codename": "delete_orderitem"}}, {"model": "auth.permission", "pk": 44, "fields": {"name": "Can view order item", "content_type": 11, "codename": "view_orderitem"}}, {"model": "auth.user", "pk": 1, "fields": {"password": "pbkdf2_sha256$320000$0OFmvk6TR2nXcy07gJNTD5$lZM3ognZ44QXrwvKqwfj47BFo7ESpzf+2Fm9+yTQUfc=", "last_login": "2022-02-13T12:48:32Z", "is_superuser": true, "username": "talbiwissal@gmail.com", "first_name": "wisal", "last_name": "talbi", "email": "talbiwissal@gmail.com", "is_staff": true, "is_active": true, "date_joined": "2022-02-04T12:41:59Z", "groups": [], "user_permissions": []}}, {"model": "auth.user", "pk": 2, "fields": {"password": "pbkdf2_sha256$320000$vYeISeHu4My0bDiQomwOXU$NliDztXJa3R/FT69Pw4DO3MNG++Q7N2SCHlY0DdLwVg=", "last_login": null, "is_superuser": false, "username": "twissal550@gmail.com", "first_name": "wissal", "last_name": "talbi", "email": "twissal550@gmail.com", "is_staff": true, "is_active": true, "date_joined": "2022-02-12T20:33:17Z", "groups": [], "user_permissions": []}}, {"model": "auth.user", "pk": 7, "fields": {"password": "pbkdf2_sha256$320000$1FtQ0vt6xkPl01ULzxawkf$Kp8f4Q1zsGNWUFZzrXy4MZptcysiPp9dixE69k8aYVc=", "last_login": null, "is_superuser": false, "username": "oumarkh@gmail.com", "first_name": "Oumar", "last_name": "", "email": "oumarkh@gmail.com", "is_staff": false, "is_active": true, "date_joined": "2022-02-16T17:26:39Z", "groups": [], "user_permissions": []}}, {"model": "contenttypes.contenttype", "pk": 1, "fields": {"app_label": "admin", "model": "logentry"}}, {"model": "contenttypes.contenttype", "pk": 2, "fields": {"app_label": "auth", "model": "permission"}}, {"model": "contenttypes.contenttype", "pk": 3, "fields": {"app_label": "auth", "model": "group"}}, {"model": "contenttypes.contenttype", "pk": 4, "fields": {"app_label": "auth", "model": "user"}}, {"model": "contenttypes.contenttype", "pk": 5, "fields": {"app_label": "contenttypes", "model": "contenttype"}}, {"model": "contenttypes.contenttype", "pk": 6, "fields": {"app_label": "sessions", "model": "session"}}, {"model": "contenttypes.contenttype", "pk": 7, "fields": {"app_label": "base", "model": "product"}}, {"model": "contenttypes.contenttype", "pk": 8, "fields": {"app_label": "base", "model": "shippingaddress"}}, {"model": "contenttypes.contenttype", "pk": 9, "fields": {"app_label": "base", "model": "order"}}, {"model": "contenttypes.contenttype", "pk": 10, "fields": {"app_label": "base", "model": "review"}}, {"model": "contenttypes.contenttype", "pk": 11, "fields": {"app_label": "base", "model": "orderitem"}}, {"model": "sessions.session", "pk": "e9z23fvt7g951p1x8hezc7d91f90tp49", "fields": {"session_data": ".eJxVjEEOwiAQRe_C2hBkhAku3XsGAjODVA1NSrtqvLsh6UK3_733dxXTtta4dVnixOqqzur0u-VEL2kD8DO1x6xpbusyZT0UfdCu7zPL-3a4fwc19TrqwkhOssk-cAFLlIAIDBQitq54LgExh4JgrEErdAGfAFCsY0FQny8fAjjD:1nJEIq:wEXZ4nKvLZw2Q3Rcxi1UdaUHcyHO5ihe2EVIPpAOUZM", "expire_date": "2022-02-27T12:48:32.220Z"}}, {"model": "base.product", "pk": 1, "fields": {"user": 1, "name": "Airpods Wireless Bluetooth Headphones", "image": "airpods.jpg", "brand": "Apple", "category": "Electronics", "description": "Bluetooth technology lets you connect it with compatible devices wirelessly High-quality AAC audio offers immersive listening experience Built-in microphone allows you to take calls while working", "rating": "3.00", "numReviews": 1, "price": "89.99", "countInStock": 9, "createdAt": "2022-02-06T11:29:50.763Z"}}, {"model": "base.product", "pk": 2, "fields": {"user": 1, "name": "iPhone 11 Pro 256GB Memory", "image": "phone.jpg", "brand": "Apple", "category": "Electronics", "description": "Introducing the iPhone 11 Pro. A transformative triple-camera system that adds tons of capability without complexity. An unprecedented leap in battery life", "rating": "4.00", "numReviews": 8, "price": "599.99", "countInStock": 10, "createdAt": "2022-02-08T01:32:48.012Z"}}, {"model": "base.product", "pk": 3, "fields": {"user": 1, "name": "Cannon EOS 80D DSLR Camera", "image": "camera.jpg", "brand": "Cannon", "category": "Electronics", "description": "Characterized by versatile imaging specs, the Canon EOS 80D further clarifies itself using a pair of robust focusing systems and an intuitive design", "rating": "5.00", "numReviews": 12, "price": "929.99", "countInStock": 18, "createdAt": "2022-02-10T23:52:15.125Z"}}, {"model": "base.product", "pk": 5, "fields": {"user": 1, "name": "Sample Name", "image": "/placeholder.png", "brand": "Sample Brand", "category": "Sample Category", "description": "", "rating": null, "numReviews": 0, "price": "0.00", "countInStock": 0, "createdAt": "2022-02-17T01:44:51.552Z"}}, {"model": "base.product", "pk": 6, "fields": {"user": 1, "name": "Sample Name", "image": "/placeholder.png", "brand": "Sample Brand", "category": "Sample Category", "description": "", "rating": null, "numReviews": 0, "price": "0.00", "countInStock": 0, "createdAt": "2022-02-20T14:23:37.920Z"}}, {"model": "base.product", "pk": 7, "fields": {"user": 1, "name": "Sample Name", "image": "/placeholder.png", "brand": "Sample Brand", "category": "Sample Category", "description": "", "rating": null, "numReviews": 0, "price": "0.00", "countInStock": 0, "createdAt": "2022-02-25T02:00:39.022Z"}}, {"model": "base.product", "pk": 8, "fields": {"user": 1, "name": "Sample Name", "image": "/placeholder.png", "brand": "Sample Brand", "category": "Sample Category", "description": "", "rating": null, "numReviews": 0, "price": "0.00", "countInStock": 0, "createdAt": "2022-02-25T02:21:00.752Z"}}, {"model": "base.product", "pk": 9, "fields": {"user": 1, "name": "Sample Name", "image": "/placeholder.png", "brand": "Sample Brand", "category": "Sample Category", "description": "", "rating": null, "numReviews": 0, "price": "0.00", "countInStock": 0, "createdAt": "2022-02-25T02:21:59.482Z"}}, {"model": "base.product", "pk": 10, "fields": {"user": 1, "name": "Sample Name", "image": "/placeholder.png", "brand": "Sample Brand", "category": "Sample Category", "description": "", "rating": null, "numReviews": 0, "price": "0.00", "countInStock": 0, "createdAt": "2022-02-25T02:41:22.849Z"}}, {"model": "base.product", "pk": 11, "fields": {"user": 1, "name": "Sample Name", "image": "/placeholder.png", "brand": "Sample Brand", "category": "Sample Category", "description": "", "rating": null, "numReviews": 0, "price": "0.00", "countInStock": 0, "createdAt": "2022-02-25T02:58:42.448Z"}}, {"model": "base.product", "pk": 12, "fields": {"user": 1, "name": "Sample Name", "image": "/placeholder.png", "brand": "Sample Brand", "category": "Sample Category", "description": "", "rating": null, "numReviews": 0, "price": "0.00", "countInStock": 0, "createdAt": "2022-02-25T03:18:59.522Z"}}, {"model": "base.product", "pk": 13, "fields": {"user": 1, "name": "Sample Name", "image": "/placeholder.png", "brand": "Sample Brand", "category": "Sample Category", "description": "", "rating": null, "numReviews": 0, "price": "0.00", "countInStock": 0, "createdAt": "2022-02-25T04:09:24.957Z"}}, {"model": "base.product", "pk": 14, "fields": {"user": 1, "name": "Sample Name", "image": "/placeholder.png", "brand": "Sample Brand", "category": "Sample Category", "description": "", "rating": null, "numReviews": 0, "price": "0.00", "countInStock": 0, "createdAt": "2022-02-25T04:12:10.074Z"}}, {"model": "base.product", "pk": 15, "fields": {"user": 1, "name": "Sample Name", "image": "/placeholder.png", "brand": "Sample Brand", "category": "Sample Category", "description": "", "rating": null, "numReviews": 0, "price": "0.00", "countInStock": 0, "createdAt": "2022-02-25T20:20:47.582Z"}}, {"model": "base.product", "pk": 16, "fields": {"user": 1, "name": "Sample Name", "image": "/placeholder.png", "brand": "Sample Brand", "category": "Sample Category", "description": "", "rating": null, "numReviews": 0, "price": "0.00", "countInStock": 0, "createdAt": "2022-02-25T20:56:03.306Z"}}, {"model": "base.product", "pk": 17, "fields": {"user": 1, "name": "Sample Name", "image": "/placeholder.png", "brand": "Sample Brand", "category": "Sample Category", "description": "", "rating": null, "numReviews": 0, "price": "0.00", "countInStock": 0, "createdAt": "2022-02-25T21:03:40.246Z"}}, {"model": "base.review", "pk": 1, "fields": {"product": 1, "user": 1, "name": "wisal", "rating": 3, "comment": "Good Product", "createdAt": "2022-02-17T20:26:00.355Z"}}, {"model": "base.order", "pk": 1, "fields": {"user": 1, "paymentMethod": "PayPal", "taxPrice": "154.98", "shippingPrice": "0.00", "totalPrice": "2044.94", "isPaid": false, "paidAt": null, "isDelivered": false, "deliveredAt": null, "createdAt": "2022-02-15T11:52:30.401Z"}}, {"model": "base.order", "pk": 2, "fields": {"user": 1, "paymentMethod": "PayPal", "taxPrice": "154.98", "shippingPrice": "0.00", "totalPrice": "2044.94", "isPaid": false, "paidAt": null, "isDelivered": false, "deliveredAt": null, "createdAt": "2022-02-15T12:01:51.039Z"}}, {"model": "base.order", "pk": 3, "fields": {"user": 1, "paymentMethod": "PayPal", "taxPrice": "154.98", "shippingPrice": "0.00", "totalPrice": "2044.94", "isPaid": false, "paidAt": null, "isDelivered": false, "deliveredAt": null, "createdAt": "2022-02-15T12:09:44.719Z"}}, {"model": "base.order", "pk": 4, "fields": {"user": 1, "paymentMethod": "PayPal", "taxPrice": "154.98", "shippingPrice": "0.00", "totalPrice": "2044.94", "isPaid": false, "paidAt": null, "isDelivered": false, "deliveredAt": null, "createdAt": "2022-02-15T12:18:28.675Z"}}, {"model": "base.order", "pk": 5, "fields": {"user": 1, "paymentMethod": "PayPal", "taxPrice": "14.76", "shippingPrice": "0.00", "totalPrice": "194.74", "isPaid": false, "paidAt": null, "isDelivered": false, "deliveredAt": null, "createdAt": "2022-02-15T14:35:11.691Z"}}, {"model": "base.order", "pk": 6, "fields": {"user": 1, "paymentMethod": "PayPal", "taxPrice": "22.14", "shippingPrice": "0.00", "totalPrice": "292.11", "isPaid": false, "paidAt": null, "isDelivered": false, "deliveredAt": null, "createdAt": "2022-02-15T15:44:11.369Z"}}, {"model": "base.order", "pk": 7, "fields": {"user": 1, "paymentMethod": "PayPal", "taxPrice": "7.38", "shippingPrice": "10.00", "totalPrice": "107.37", "isPaid": false, "paidAt": null, "isDelivered": false, "deliveredAt": null, "createdAt": "2022-02-15T15:57:49.203Z"}}, {"model": "base.order", "pk": 8, "fields": {"user": 1, "paymentMethod": "PayPal", "taxPrice": "7.38", "shippingPrice": "10.00", "totalPrice": "107.37", "isPaid": false, "paidAt": null, "isDelivered": false, "deliveredAt": null, "createdAt": "2022-02-15T16:04:03.698Z"}}, {"model": "base.order", "pk": 9, "fields": {"user": 1, "paymentMethod": "PayPal", "taxPrice": "7.38", "shippingPrice": "10.00", "totalPrice": "107.37", "isPaid": false, "paidAt": null, "isDelivered": false, "deliveredAt": null, "createdAt": "2022-02-15T16:11:45.025Z"}}, {"model": "base.order", "pk": 10, "fields": {"user": 1, "paymentMethod": "PayPal", "taxPrice": "0.00", "shippingPrice": "10.00", "totalPrice": "10.00", "isPaid": false, "paidAt": null, "isDelivered": false, "deliveredAt": null, "createdAt": "2022-02-15T16:11:50.157Z"}}, {"model": "base.order", "pk": 11, "fields": {"user": 1, "paymentMethod": "PayPal", "taxPrice": "98.40", "shippingPrice": "0.00", "totalPrice": "1298.36", "isPaid": false, "paidAt": null, "isDelivered": false, "deliveredAt": null, "createdAt": "2022-02-15T16:13:38.928Z"}}, {"model": "base.order", "pk": 12, "fields": {"user": 1, "paymentMethod": "PayPal", "taxPrice": "7.38", "shippingPrice": "10.00", "totalPrice": "107.37", "isPaid": false, "paidAt": null, "isDelivered": false, "deliveredAt": null, "createdAt": "2022-02-15T16:17:19.116Z"}}, {"model": "base.order", "pk": 13, "fields": {"user": 1, "paymentMethod": "PayPal", "taxPrice": "125.46", "shippingPrice": "0.00", "totalPrice": "1655.44", "isPaid": false, "paidAt": null, "isDelivered": false, "deliveredAt": null, "createdAt": "2022-02-15T16:27:17.932Z"}}, {"model": "base.order", "pk": 14, "fields": {"user": 1, "paymentMethod": "PayPal", "taxPrice": "76.26", "shippingPrice": "0.00", "totalPrice": "1006.25", "isPaid": false, "paidAt": null, "isDelivered": false, "deliveredAt": null, "createdAt": "2022-02-15T16:31:46.551Z"}}, {"model": "base.order", "pk": 15, "fields": {"user": 1, "paymentMethod": "PayPal", "taxPrice": "49.20", "shippingPrice": "0.00", "totalPrice": "649.19", "isPaid": false, "paidAt": null, "isDelivered": false, "deliveredAt": null, "createdAt": "2022-02-15T16:33:42.975Z"}}, {"model": "base.order", "pk": 16, "fields": {"user": 1, "paymentMethod": "PayPal", "taxPrice": "49.20", "shippingPrice": "0.00", "totalPrice": "649.19", "isPaid": false, "paidAt": null, "isDelivered": false, "deliveredAt": null, "createdAt": "2022-02-15T16:35:56.172Z"}}, {"model": "base.order", "pk": 17, "fields": {"user": 1, "paymentMethod": "PayPal", "taxPrice": "49.20", "shippingPrice": "0.00", "totalPrice": "649.19", "isPaid": false, "paidAt": null, "isDelivered": false, "deliveredAt": null, "createdAt": "2022-02-15T16:38:52.813Z"}}, {"model": "base.order", "pk": 18, "fields": {"user": 1, "paymentMethod": "PayPal", "taxPrice": "7.38", "shippingPrice": "10.00", "totalPrice": "107.37", "isPaid": false, "paidAt": null, "isDelivered": false, "deliveredAt": null, "createdAt": "2022-02-15T17:04:33.108Z"}}, {"model": "base.order", "pk": 19, "fields": {"user": 1, "paymentMethod": "PayPal", "taxPrice": "49.20", "shippingPrice": "0.00", "totalPrice": "649.19", "isPaid": true, "paidAt": "2022-02-15T17:57:19Z", "isDelivered": true, "deliveredAt": "2022-02-15T17:59:09Z", "createdAt": "2022-02-15T17:44:59.857Z"}}, {"model": "base.order", "pk": 20, "fields": {"user": 1, "paymentMethod": "PayPal", "taxPrice": "49.20", "shippingPrice": "0.00", "totalPrice": "649.19", "isPaid": false, "paidAt": null, "isDelivered": false, "deliveredAt": null, "createdAt": "2022-02-16T10:59:11.770Z"}}, {"model": "base.order", "pk": 21, "fields": {"user": 1, "paymentMethod": "PayPal", "taxPrice": "7.38", "shippingPrice": "10.00", "totalPrice": "107.37", "isPaid": false, "paidAt": null, "isDelivered": false, "deliveredAt": null, "createdAt": "2022-02-16T11:14:03.723Z"}}, {"model": "base.order", "pk": 22, "fields": {"user": 2, "paymentMethod": "PayPal", "taxPrice": "7.38", "shippingPrice": "10.00", "totalPrice": "107.37", "isPaid": false, "paidAt": null, "isDelivered": false, "deliveredAt": null, "createdAt": "2022-02-16T11:21:19.243Z"}}, {"model": "base.order", "pk": 23, "fields": {"user": 2, "paymentMethod": "PayPal", "taxPrice": "7.38", "shippingPrice": "10.00", "totalPrice": "107.37", "isPaid": false, "paidAt": null, "isDelivered": false, "deliveredAt": null, "createdAt": "2022-02-16T11:28:05.612Z"}}, {"model": "base.order", "pk": 24, "fields": {"user": 2, "paymentMethod": "PayPal", "taxPrice": "49.20", "shippingPrice": "0.00", "totalPrice": "649.19", "isPaid": false, "paidAt": null, "isDelivered": false, "deliveredAt": null, "createdAt": "2022-02-16T11:40:57.637Z"}}, {"model": "base.order", "pk": 25, "fields": {"user": 2, "paymentMethod": "PayPal", "taxPrice": "7.38", "shippingPrice": "10.00", "totalPrice": "107.37", "isPaid": true, "paidAt": "2022-02-16T14:39:44Z", "isDelivered": true, "deliveredAt": "2022-02-16T14:40:53Z", "createdAt": "2022-02-16T14:35:49.017Z"}}, {"model": "base.order", "pk": 26, "fields": {"user": 1, "paymentMethod": "PayPal", "taxPrice": "56.58", "shippingPrice": "0.00", "totalPrice": "746.56", "isPaid": false, "paidAt": null, "isDelivered": false, "deliveredAt": null, "createdAt": "2022-02-21T12:25:02.774Z"}}, {"model": "base.orderitem", "pk": 1, "fields": {"product": 1, "order": 1, "name": "Airpods Wireless Bluetooth Headphones", "qty": 1, "price": "89.99", "image": "/images/airpods.jpg"}}, {"model": "base.orderitem", "pk": 2, "fields": {"product": 2, "order": 1, "name": "iPhone 11 Pro 256GB Memory", "qty": 3, "price": "599.99", "image": "/images/phone.jpg"}}, {"model": "base.orderitem", "pk": 3, "fields": {"product": 1, "order": 2, "name": "Airpods Wireless Bluetooth Headphones", "qty": 1, "price": "89.99", "image": "/images/airpods.jpg"}}, {"model": "base.orderitem", "pk": 4, "fields": {"product": 2, "order": 2, "name": "iPhone 11 Pro 256GB Memory", "qty": 3, "price": "599.99", "image": "/images/phone.jpg"}}, {"model": "base.orderitem", "pk": 5, "fields": {"product": 1, "order": 3, "name": "Airpods Wireless Bluetooth Headphones", "qty": 1, "price": "89.99", "image": "/images/airpods.jpg"}}, {"model": "base.orderitem", "pk": 6, "fields": {"product": 2, "order": 3, "name": "iPhone 11 Pro 256GB Memory", "qty": 3, "price": "599.99", "image": "/images/phone.jpg"}}, {"model": "base.orderitem", "pk": 7, "fields": {"product": 1, "order": 4, "name": "Airpods Wireless Bluetooth Headphones", "qty": 1, "price": "89.99", "image": "/images/airpods.jpg"}}, {"model": "base.orderitem", "pk": 8, "fields": {"product": 2, "order": 4, "name": "iPhone 11 Pro 256GB Memory", "qty": 3, "price": "599.99", "image": "/images/phone.jpg"}}, {"model": "base.orderitem", "pk": 9, "fields": {"product": 1, "order": 5, "name": "Airpods Wireless Bluetooth Headphones", "qty": 2, "price": "89.99", "image": "/images/airpods.jpg"}}, {"model": "base.orderitem", "pk": 10, "fields": {"product": 1, "order": 6, "name": "Airpods Wireless Bluetooth Headphones", "qty": 3, "price": "89.99", "image": "/images/airpods.jpg"}}, {"model": "base.orderitem", "pk": 11, "fields": {"product": 1, "order": 7, "name": "Airpods Wireless Bluetooth Headphones", "qty": 1, "price": "89.99", "image": "/images/airpods.jpg"}}, {"model": "base.orderitem", "pk": 12, "fields": {"product": 1, "order": 8, "name": "Airpods Wireless Bluetooth Headphones", "qty": 1, "price": "89.99", "image": "/images/airpods.jpg"}}, {"model": "base.orderitem", "pk": 13, "fields": {"product": 1, "order": 9, "name": "Airpods Wireless Bluetooth Headphones", "qty": 1, "price": "89.99", "image": "/images/airpods.jpg"}}, {"model": "base.orderitem", "pk": 14, "fields": {"product": 1, "order": 11, "name": "Airpods Wireless Bluetooth Headphones", "qty": 3, "price": "89.99", "image": "/images/airpods.jpg"}}, {"model": "base.orderitem", "pk": 15, "fields": {"product": 3, "order": 11, "name": "Cannon EOS 80D DSLR Camera", "qty": 1, "price": "929.99", "image": "/images/camera.jpg"}}, {"model": "base.orderitem", "pk": 16, "fields": {"product": 1, "order": 12, "name": "Airpods Wireless Bluetooth Headphones", "qty": 1, "price": "89.99", "image": "/images/airpods.jpg"}}, {"model": "base.orderitem", "pk": 17, "fields": {"product": 3, "order": 13, "name": "Cannon EOS 80D DSLR Camera", "qty": 1, "price": "929.99", "image": "/images/camera.jpg"}}, {"model": "base.orderitem", "pk": 18, "fields": {"product": 2, "order": 13, "name": "iPhone 11 Pro 256GB Memory", "qty": 1, "price": "599.99", "image": "/images/phone.jpg"}}, {"model": "base.orderitem", "pk": 19, "fields": {"product": 3, "order": 14, "name": "Cannon EOS 80D DSLR Camera", "qty": 1, "price": "929.99", "image": "/images/camera.jpg"}}, {"model": "base.orderitem", "pk": 20, "fields": {"product": 2, "order": 15, "name": "iPhone 11 Pro 256GB Memory", "qty": 1, "price": "599.99", "image": "/images/phone.jpg"}}, {"model": "base.orderitem", "pk": 21, "fields": {"product": 2, "order": 16, "name": "iPhone 11 Pro 256GB Memory", "qty": 1, "price": "599.99", "image": "/images/phone.jpg"}}, {"model": "base.orderitem", "pk": 22, "fields": {"product": 2, "order": 17, "name": "iPhone 11 Pro 256GB Memory", "qty": 1, "price": "599.99", "image": "/images/phone.jpg"}}, {"model": "base.orderitem", "pk": 23, "fields": {"product": 1, "order": 18, "name": "Airpods Wireless Bluetooth Headphones", "qty": 1, "price": "89.99", "image": "/images/airpods.jpg"}}, {"model": "base.orderitem", "pk": 24, "fields": {"product": 2, "order": 19, "name": "iPhone 11 Pro 256GB Memory", "qty": 1, "price": "599.99", "image": "/images/phone.jpg"}}, {"model": "base.orderitem", "pk": 25, "fields": {"product": 2, "order": 20, "name": "iPhone 11 Pro 256GB Memory", "qty": 1, "price": "599.99", "image": "/images/phone.jpg"}}, {"model": "base.orderitem", "pk": 26, "fields": {"product": 1, "order": 21, "name": "Airpods Wireless Bluetooth Headphones", "qty": 1, "price": "89.99", "image": "/images/airpods.jpg"}}, {"model": "base.orderitem", "pk": 27, "fields": {"product": 1, "order": 22, "name": "Airpods Wireless Bluetooth Headphones", "qty": 1, "price": "89.99", "image": "/images/airpods.jpg"}}, {"model": "base.orderitem", "pk": 28, "fields": {"product": 1, "order": 23, "name": "Airpods Wireless Bluetooth Headphones", "qty": 1, "price": "89.99", "image": "/images/airpods.jpg"}}, {"model": "base.orderitem", "pk": 29, "fields": {"product": 2, "order": 24, "name": "iPhone 11 Pro 256GB Memory", "qty": 1, "price": "599.99", "image": "/images/phone.jpg"}}, {"model": "base.orderitem", "pk": 30, "fields": {"product": 1, "order": 25, "name": "Airpods Wireless Bluetooth Headphones", "qty": 1, "price": "89.99", "image": "/images/airpods.jpg"}}, {"model": "base.orderitem", "pk": 31, "fields": {"product": 1, "order": 26, "name": "Airpods Wireless Bluetooth Headphones", "qty": 1, "price": "89.99", "image": "/images/airpods.jpg"}}, {"model": "base.orderitem", "pk": 32, "fields": {"product": 2, "order": 26, "name": "iPhone 11 Pro 256GB Memory", "qty": 1, "price": "599.99", "image": "/images/phone.jpg"}}, {"model": "base.shippingaddress", "pk": 1, "fields": {"order": 1, "address": "18 fouchana", "city": "Fouchana", "postalCode": "2082", "country": "Ben Arous", "shippingPrice": null}}, {"model": "base.shippingaddress", "pk": 2, "fields": {"order": 2, "address": "18 fouchana", "city": "Fouchana", "postalCode": "2082", "country": "Ben Arous", "shippingPrice": null}}, {"model": "base.shippingaddress", "pk": 3, "fields": {"order": 3, "address": "18 fouchana", "city": "Fouchana", "postalCode": "2082", "country": "Ben Arous", "shippingPrice": null}}, {"model": "base.shippingaddress", "pk": 4, "fields": {"order": 4, "address": "18 fouchana", "city": "Fouchana", "postalCode": "2082", "country": "Ben Arous", "shippingPrice": null}}, {"model": "base.shippingaddress", "pk": 5, "fields": {"order": 5, "address": "18 fouchana", "city": "Fouchana", "postalCode": "2082", "country": "Ben Arous", "shippingPrice": null}}, {"model": "base.shippingaddress", "pk": 6, "fields": {"order": 6, "address": "18 fouchana", "city": "Fouchana", "postalCode": "2082", "country": "Ben Arous", "shippingPrice": null}}, {"model": "base.shippingaddress", "pk": 7, "fields": {"order": 7, "address": "18 fouchana", "city": "Fouchana", "postalCode": "2082", "country": "Ben Arous", "shippingPrice": null}}, {"model": "base.shippingaddress", "pk": 8, "fields": {"order": 8, "address": "18 fouchana", "city": "Fouchana", "postalCode": "2082", "country": "Ben Arous", "shippingPrice": null}}, {"model": "base.shippingaddress", "pk": 9, "fields": {"order": 9, "address": "18 fouchana", "city": "Fouchana", "postalCode": "2082", "country": "Ben Arous", "shippingPrice": null}}, {"model": "base.shippingaddress", "pk": 10, "fields": {"order": 10, "address": "18 fouchana", "city": "Fouchana", "postalCode": "2082", "country": "Ben Arous", "shippingPrice": null}}, {"model": "base.shippingaddress", "pk": 11, "fields": {"order": 11, "address": "18 fouchana", "city": "Fouchana", "postalCode": "2082", "country": "Ben Arous", "shippingPrice": null}}, {"model": "base.shippingaddress", "pk": 12, "fields": {"order": 12, "address": "18 fouchana", "city": "Fouchana", "postalCode": "2082", "country": "Ben Arous", "shippingPrice": null}}, {"model": "base.shippingaddress", "pk": 13, "fields": {"order": 13, "address": "18 fouchana", "city": "Fouchana", "postalCode": "2082", "country": "Ben Arous", "shippingPrice": null}}, {"model": "base.shippingaddress", "pk": 14, "fields": {"order": 14, "address": "18 fouchana", "city": "Fouchana", "postalCode": "2082", "country": "Ben Arous", "shippingPrice": null}}, {"model": "base.shippingaddress", "pk": 15, "fields": {"order": 15, "address": "18 fouchana", "city": "Fouchana", "postalCode": "2082", "country": "Ben Arous", "shippingPrice": null}}, {"model": "base.shippingaddress", "pk": 16, "fields": {"order": 16, "address": "18 fouchana", "city": "Fouchana", "postalCode": "2082", "country": "Ben Arous", "shippingPrice": null}}, {"model": "base.shippingaddress", "pk": 17, "fields": {"order": 17, "address": "18 fouchana", "city": "Fouchana", "postalCode": "2082", "country": "Ben Arous", "shippingPrice": null}}, {"model": "base.shippingaddress", "pk": 18, "fields": {"order": 18, "address": "18 fouchana", "city": "Fouchana", "postalCode": "2082", "country": "Ben Arous", "shippingPrice": null}}, {"model": "base.shippingaddress", "pk": 19, "fields": {"order": 19, "address": "18 fouchana", "city": "Fouchana", "postalCode": "2082", "country": "Ben Arous", "shippingPrice": null}}, {"model": "base.shippingaddress", "pk": 20, "fields": {"order": 20, "address": "18 fouchana", "city": "Fouchana", "postalCode": "2082", "country": "Ben Arous", "shippingPrice": null}}, {"model": "base.shippingaddress", "pk": 21, "fields": {"order": 21, "address": "18 fouchana", "city": "Fouchana", "postalCode": "2082", "country": "Ben Arous", "shippingPrice": null}}, {"model": "base.shippingaddress", "pk": 22, "fields": {"order": 22, "address": "18 fouchana", "city": "Fouchana", "postalCode": "2082", "country": "Ben Arous", "shippingPrice": null}}, {"model": "base.shippingaddress", "pk": 23, "fields": {"order": 23, "address": "18 rue khadija", "city": "Fouchana", "postalCode": "2084", "country": "Ben Arous", "shippingPrice": null}}, {"model": "base.shippingaddress", "pk": 24, "fields": {"order": 24, "address": "18 fouchana", "city": "Fouchana", "postalCode": "2082", "country": "Ben Arous", "shippingPrice": null}}, {"model": "base.shippingaddress", "pk": 25, "fields": {"order": 25, "address": "18 fouchana", "city": "Fouchana", "postalCode": "2082", "country": "Ben Arous", "shippingPrice": null}}, {"model": "base.shippingaddress", "pk": 26, "fields": {"order": 26, "address": "18 fouchana", "city": "Fouchana", "postalCode": "2082", "country": "Ben Arous", "shippingPrice": null}}]
